Workbook
Name NativeTimeline_Date: #N/A

Sheet Column Chart
A1: Month | B1: - all -
A3: Region | B3: Total_Sales | C3: Total_Sales_GST | D3: GST_Value
A4: East | B4: 186135 | C4: =B4*1.18 -> 219639.3 | D4: =B4*0.18 -> 33504.3
A5: North | B5: 142258 | C5: =B5*1.18 -> 167864.44 | D5: =B5*0.18 -> 25606.44
A6: South | B6: 147334 | C6: =B6*1.18 -> 173854.12 | D6: =B6*0.18 -> 26520.12
A7: West | B7: 129812 | C7: =B7*1.18 -> 153178.16 | D7: =B7*0.18 -> 23366.16
A8: Total Result | B8: 605539 | C8: =SUM(C4:C7) -> 714536.02 | D8: =SUM(D4:D7) -> 108997.02

Sheet Pie Chart
A3: Category | B3: Total_Sales
A4: Books | B4: 128379
A5: Clothing | B5: 104525
A6: Electronics | B6: 124242
A7: Food | B7: 155146
A8: Furniture | B8: 93247
A9: Total Result | B9: 605539

Sheet Combo_Chart
A3: Region | B3: Total_Sales | C3: Total_Sales_GST
A4: East | B4: 186135 | C4: =B4*1.18 -> 219639.3
A5: North | B5: 142258 | C5: =B5*1.18 -> 167864.44
A6: South | B6: 147334 | C6: =B6*1.18 -> 173854.12
A7: West | B7: 129812 | C7: =B7*1.18 -> 153178.16
A8: Total Result | B8: 605539 | C8: =SUM(C4:C7) -> 714536.02

Sheet Bar_Chart
A3: Product | B3: Sum of Total Sales
A4: Bread | B4: 65625
A5: Chair | B5: 26497
A6: Fiction | B6: 48978
A7: Fruits | B7: 51776
A8: Headphones | B8: 45484
A9: History | B9: 48227
A10: Jacket | B10: 37445
A11: Laptop | B11: 46236
A12: Milk | B12: 37745
A13: Pants | B13: 34282
A14: Science | B14: 31174
A15: Shirt | B15: 32798
... A19: Total Result | B19: 605539

Sheet Dashboard
A1: Sales Performance Dashboard | AA1: East | AB1: =SUMIFS(Data!$H$2:$H$201,Data!$B$2:$B$201,AA1) -> 186135 | AD1: Books | AE1: =SUMIFS(Data!$H$2:$H$201,Data!$C$2:$C$201,AD1) -> 128379 | AG1: Bread | AH1: =SUMIFS(Data!$H$2:$H$201,Data!$D$2:$D$201,AG1) -> 65625
A2: Retail Sales Analysis — FY2023-2024 | AA2: North | AB2: =SUMIFS(Data!$H$2:$H$201,Data!$B$2:$B$201,AA2) -> 142258 | AD2: Clothing | AE2: =SUMIFS(Data!$H$2:$H$201,Data!$C$2:$C$201,AD2) -> 104525 | AG2: Chair | AH2: =SUMIFS(Data!$H$2:$H$201,Data!$D$2:$D$201,AG2) -> 26497
AA3: South | AB3: =SUMIFS(Data!$H$2:$H$201,Data!$B$2:$B$201,AA3) -> 147334 | AD3: Electronics | AE3: =SUMIFS(Data!$H$2:$H$201,Data!$C$2:$C$201,AD3) -> 124242 | AG3: Fiction | AH3: =SUMIFS(Data!$H$2:$H$201,Data!$D$2:$D$201,AG3) -> 48978
A4: Total Sales | E4: Total Target | I4: Target Achievement | M4: Total Orders | Q4: Avg Order Value | U4: Total GST Value (18%) | AA4: West | AB4: =SUMIFS(Data!$H$2:$H$201,Data!$B$2:$B$201,AA4) -> 129812 | AD4: Food | AE4: =SUMIFS(Data!$H$2:$H$201,Data!$C$2:$C$201,AD4) -> 155146 | AG4: Fruits | AH4: =SUMIFS(Data!$H$2:$H$201,Data!$D$2:$D$201,AG4) -> 51776
A5: =SUM(Data!H2:H201) -> 605539 | E5: =SUM(Data!I2:I201) -> 354000 | I5: =SUM(Data!H2:H201)/SUM(Data!I2:I201) -> 1.7105621 | M5: =COUNTA(Data!A2:A201) -> 200 | Q5: =AVERAGE(Data!H2:H201) -> 3027.695 | U5: =SUM(Data!H2:H201)*0.18 -> 108997.02 | AD5: Furniture | AE5: =SUMIFS(Data!$H$2:$H$201,Data!$C$2:$C$201,AD5) -> 93247 | AG5: Headphones | AH5: =SUMIFS(Data!$H$2:$H$201,Data!$D$2:$D$201,AG5) -> 45484
AG6: History | AH6: =SUMIFS(Data!$H$2:$H$201,Data!$D$2:$D$201,AG6) -> 48227
AG7: Jacket | AH7: =SUMIFS(Data!$H$2:$H$201,Data!$D$2:$D$201,AG7) -> 37445
AG8: Laptop | AH8: =SUMIFS(Data!$H$2:$H$201,Data!$D$2:$D$201,AG8) -> 46236
AG9: Milk | AH9: =SUMIFS(Data!$H$2:$H$201,Data!$D$2:$D$201,AG9) -> 37745
AG10: Pants | AH10: =SUMIFS(Data!$H$2:$H$201,Data!$D$2:$D$201,AG10) -> 34282
AG11: Science | AH11: =SUMIFS(Data!$H$2:$H$201,Data!$D$2:$D$201,AG11) -> 31174
AG12: Shirt | AH12: =SUMIFS(Data!$H$2:$H$201,Data!$D$2:$D$201,AG12) -> 32798
AG13: Smartphone | AH13: =SUMIFS(Data!$H$2:$H$201,Data!$D$2:$D$201,AG13) -> 32522
AG14: Sofa | AH14: =SUMIFS(Data!$H$2:$H$201,Data!$D$2:$D$201,AG14) -> 30232
AG15: Table | AH15: =SUMIFS(Data!$H$2:$H$201,Data!$D$2:$D$201,AG15) -> 36518
A44: Top Performers
A45: Top Region | H45: Top Category | O45: Top Product
A46: =INDEX(AA1:AA4,MATCH(MAX(AB1:AB4),AB1:AB4,0)) -> East | H46: =INDEX(AD1:AD5,MATCH(MAX(AE1:AE5),AE1:AE5,0)) -> Food | O46: =INDEX(AG1:AG15,MATCH(MAX(AH1:AH15),AH1:AH15,0)) -> Bread

Sheet Data
A1: SaleID | B1: Region | C1: Category | D1: Product | E1: Date | F1: Quantity | G1: UnitPrice | H1: Total Sales | I1: Target | J1: Year | K1: Quarter | L1: Month | T1: Target_Left | V1: Checkbox | W1: Dropdown
A2: 1 | B2: East | C2: Electronics | D2: Laptop | E2: 45052 | F2: 4 | G2: 242 | H2: 195 | I2: 1000 | J2: 2023 | K2: 2023Q2 | L2: May | T2: =IF(U2=TRUE(),I2-H2,NA()) -> 805 | U2: =TRUE() -> TRUE | X2: 3 | Y2: Sales
A3: 2 | B3: West | C3: Books | D3: Fiction | E3: 44943 | F3: 1 | G3: 195 | H3: 195 | I3: 1500 | J3: 2023 | K3: 2023Q1 | L3: January | W3: =CHOOSE(X2,H2,F2,G2) -> 242 | Y3: Quantity
A4: 3 | B4: North | C4: Furniture | D4: Sofa | E4: 45214 | F4: 4 | G4: 833 | H4: 3332 | I4: 2500 | J4: 2023 | K4: 2023Q4 | L4: October | Y4: UnitPrice
A5: 4 | B5: East | C5: Furniture | D5: Table | E5: 44930 | F5: 3 | G5: 814 | H5: 2442 | I5: 2500 | J5: 2023 | K5: 2023Q1 | L5: January
A6: 5 | B6: South | C6: Clothing | D6: Pants | E6: 45037 | F6: 6 | G6: 204 | H6: 1224 | I6: 1000 | J6: 2023 | K6: 2023Q2 | L6: April
A7: 6 | B7: East | C7: Food | D7: Bread | E7: 45103 | F7: 10 | G7: 370 | H7: 3700 | I7: 1000 | J7: 2023 | K7: 2023Q2 | L7: June
A8: 7 | B8: North | C8: Food | D8: Fruits | E8: 45120 | F8: 2 | G8: 665 | H8: 1330 | I8: 2000 | J8: 2023 | K8: 2023Q3 | L8: July
A9: 8 | B9: South | C9: Books | D9: Science | E9: 45287 | F9: 2 | G9: 146 | H9: 292 | I9: 1500 | J9: 2023 | K9: 2023Q4 | L9: December
A10: 9 | B10: South | C10: Clothing | D10: Shirt | E10: 44978 | F10: 7 | G10: 384 | H10: 2688 | I10: 2500 | J10: 2023 | K10: 2023Q1 | L10: February
A11: 10 | B11: East | C11: Clothing | D11: Shirt | E11: 45108 | F11: 4 | G11: 786 | H11: 3144 | I11: 2000 | J11: 2023 | K11: 2023Q3 | L11: July
A12: 11 | B12: South | C12: Electronics | D12: Headphones | E12: 45200 | F12: 4 | G12: 267 | H12: 1068 | I12: 2500 | J12: 2023 | K12: 2023Q4 | L12: October
A13: 12 | B13: South | C13: Food | D13: Milk | E13: 45277 | F13: 6 | G13: 963 | H13: 5778 | I13: 1000 | J13: 2023 | K13: 2023Q4 | L13: December
A14: 13 | B14: East | C14: Furniture | D14: Chair | E14: 45132 | F14: 5 | G14: 167 | H14: 835 | I14: 1500 | J14: 2023 | K14: 2023Q3 | L14: July
A15: 14 | B15: East | C15: Books | D15: History | E15: 45035 | F15: 8 | G15: 505 | H15: 4040 | I15: 2500 | J15: 2023 | K15: 2023Q2 | L15: April
A16: 15 | B16: South | C16: Furniture | D16: Table | E16: 45053 | F16: 9 | G16: 651 | H16: 5859 | I16: 2000 | J16: 2023 | K16: 2023Q2 | L16: May
... A201: 200 | B201: North | C201: Food | D201: Fruits | E201: 45074 | F201: 10 | G201: 419 | H201: 4190 | I201: 2000 | J201: 2023 | K201: 2023Q2 | L201: May
