Workbook

Sheet PivotUnpivotData
A1: Employee | B1: Q1 Sales | C1: Q2 Sales | D1: Q3 Sales | E1: Q4 Sales
A2: John | B2: 2000 | C2: 2300 | D2: 2500 | E2: 2700
A3: Jane | B3: 2500 | C3: 2700 | D3: 2900 | E3: 3100
A4: Alice | B4: 1800 | C4: 1900 | D4: 2100 | E4: 2300
A5: Bob | B5: 2200 | C5: 2400 | D5: 2600 | E5: 2800
A6: Eva | B6: 2100 | C6: 2500 | D6: 2700 | E6: 2900

Sheet Unpivoted
A1: Unpivoted Sales Data
A3: Employee | B3: Quarter | C3: Sales
A4: =INDEX(PivotUnpivotData!$A$2:$A$6,INT(0/4)+1) -> John | B4: ="Q"&(MOD(0,4)+1) -> Q1 | C4: =INDEX(PivotUnpivotData!$B$2:$E$6,INT(0/4)+1,MOD(0,4)+1) -> 2000
A5: =INDEX(PivotUnpivotData!$A$2:$A$6,INT(1/4)+1) -> John | B5: ="Q"&(MOD(1,4)+1) -> Q2 | C5: =INDEX(PivotUnpivotData!$B$2:$E$6,INT(1/4)+1,MOD(1,4)+1) -> 2300
A6: =INDEX(PivotUnpivotData!$A$2:$A$6,INT(2/4)+1) -> John | B6: ="Q"&(MOD(2,4)+1) -> Q3 | C6: =INDEX(PivotUnpivotData!$B$2:$E$6,INT(2/4)+1,MOD(2,4)+1) -> 2500
A7: =INDEX(PivotUnpivotData!$A$2:$A$6,INT(3/4)+1) -> John | B7: ="Q"&(MOD(3,4)+1) -> Q4 | C7: =INDEX(PivotUnpivotData!$B$2:$E$6,INT(3/4)+1,MOD(3,4)+1) -> 2700
A8: =INDEX(PivotUnpivotData!$A$2:$A$6,INT(4/4)+1) -> Jane | B8: ="Q"&(MOD(4,4)+1) -> Q1 | C8: =INDEX(PivotUnpivotData!$B$2:$E$6,INT(4/4)+1,MOD(4,4)+1) -> 2500
A9: =INDEX(PivotUnpivotData!$A$2:$A$6,INT(5/4)+1) -> Jane | B9: ="Q"&(MOD(5,4)+1) -> Q2 | C9: =INDEX(PivotUnpivotData!$B$2:$E$6,INT(5/4)+1,MOD(5,4)+1) -> 2700
A10: =INDEX(PivotUnpivotData!$A$2:$A$6,INT(6/4)+1) -> Jane | B10: ="Q"&(MOD(6,4)+1) -> Q3 | C10: =INDEX(PivotUnpivotData!$B$2:$E$6,INT(6/4)+1,MOD(6,4)+1) -> 2900
A11: =INDEX(PivotUnpivotData!$A$2:$A$6,INT(7/4)+1) -> Jane | B11: ="Q"&(MOD(7,4)+1) -> Q4 | C11: =INDEX(PivotUnpivotData!$B$2:$E$6,INT(7/4)+1,MOD(7,4)+1) -> 3100
A12: =INDEX(PivotUnpivotData!$A$2:$A$6,INT(8/4)+1) -> Alice | B12: ="Q"&(MOD(8,4)+1) -> Q1 | C12: =INDEX(PivotUnpivotData!$B$2:$E$6,INT(8/4)+1,MOD(8,4)+1) -> 1800
A13: =INDEX(PivotUnpivotData!$A$2:$A$6,INT(9/4)+1) -> Alice | B13: ="Q"&(MOD(9,4)+1) -> Q2 | C13: =INDEX(PivotUnpivotData!$B$2:$E$6,INT(9/4)+1,MOD(9,4)+1) -> 1900
A14: =INDEX(PivotUnpivotData!$A$2:$A$6,INT(10/4)+1) -> Alice | B14: ="Q"&(MOD(10,4)+1) -> Q3 | C14: =INDEX(PivotUnpivotData!$B$2:$E$6,INT(10/4)+1,MOD(10,4)+1) -> 2100
A15: =INDEX(PivotUnpivotData!$A$2:$A$6,INT(11/4)+1) -> Alice | B15: ="Q"&(MOD(11,4)+1) -> Q4 | C15: =INDEX(PivotUnpivotData!$B$2:$E$6,INT(11/4)+1,MOD(11,4)+1) -> 2300
A16: =INDEX(PivotUnpivotData!$A$2:$A$6,INT(12/4)+1) -> Bob | B16: ="Q"&(MOD(12,4)+1) -> Q1 | C16: =INDEX(PivotUnpivotData!$B$2:$E$6,INT(12/4)+1,MOD(12,4)+1) -> 2200
A17: =INDEX(PivotUnpivotData!$A$2:$A$6,INT(13/4)+1) -> Bob | B17: ="Q"&(MOD(13,4)+1) -> Q2 | C17: =INDEX(PivotUnpivotData!$B$2:$E$6,INT(13/4)+1,MOD(13,4)+1) -> 2400
A18: =INDEX(PivotUnpivotData!$A$2:$A$6,INT(14/4)+1) -> Bob | B18: ="Q"&(MOD(14,4)+1) -> Q3 | C18: =INDEX(PivotUnpivotData!$B$2:$E$6,INT(14/4)+1,MOD(14,4)+1) -> 2600
A19: =INDEX(PivotUnpivotData!$A$2:$A$6,INT(15/4)+1) -> Bob | B19: ="Q"&(MOD(15,4)+1) -> Q4 | C19: =INDEX(PivotUnpivotData!$B$2:$E$6,INT(15/4)+1,MOD(15,4)+1) -> 2800
A20: =INDEX(PivotUnpivotData!$A$2:$A$6,INT(16/4)+1) -> Eva | B20: ="Q"&(MOD(16,4)+1) -> Q1 | C20: =INDEX(PivotUnpivotData!$B$2:$E$6,INT(16/4)+1,MOD(16,4)+1) -> 2100
A21: =INDEX(PivotUnpivotData!$A$2:$A$6,INT(17/4)+1) -> Eva | B21: ="Q"&(MOD(17,4)+1) -> Q2 | C21: =INDEX(PivotUnpivotData!$B$2:$E$6,INT(17/4)+1,MOD(17,4)+1) -> 2500
A22: =INDEX(PivotUnpivotData!$A$2:$A$6,INT(18/4)+1) -> Eva | B22: ="Q"&(MOD(18,4)+1) -> Q3 | C22: =INDEX(PivotUnpivotData!$B$2:$E$6,INT(18/4)+1,MOD(18,4)+1) -> 2700
A23: =INDEX(PivotUnpivotData!$A$2:$A$6,INT(19/4)+1) -> Eva | B23: ="Q"&(MOD(19,4)+1) -> Q4 | C23: =INDEX(PivotUnpivotData!$B$2:$E$6,INT(19/4)+1,MOD(19,4)+1) -> 2900

Sheet Summary
A1: Sales Summary — Pivoted from Unpivoted Data
A3: Employee | B3: Q1 | C3: Q2 | D3: Q3 | E3: Q4 | F3: Total | H3: Quarter | I3: =A4 -> John | J3: =A5 -> Jane | K3: =A6 -> Alice | L3: =A7 -> Bob | M3: =A8 -> Eva
A4: =INDEX(PivotUnpivotData!$A$2:$A$6,1) -> John | B4: =SUMIFS(Unpivoted!$C$4:$C$23,Unpivoted!$A$4:$A$23,$A4,Unpivoted!$B$4:$B$23,"Q1") -> 2000 | C4: =SUMIFS(Unpivoted!$C$4:$C$23,Unpivoted!$A$4:$A$23,$A4,Unpivoted!$B$4:$B$23,"Q2") -> 2300 | D4: =SUMIFS(Unpivoted!$C$4:$C$23,Unpivoted!$A$4:$A$23,$A4,Unpivoted!$B$4:$B$23,"Q3") -> 2500 | E4: =SUMIFS(Unpivoted!$C$4:$C$23,Unpivoted!$A$4:$A$23,$A4,Unpivoted!$B$4:$B$23,"Q4") -> 2700 | F4: =SUM(B4:E4) -> 9500 | H4: Q1 | I4: =B4 -> 2000 | J4: =B5 -> 2500 | K4: =B6 -> 1800 | L4: =B7 -> 2200 | M4: =B8 -> 2100
A5: =INDEX(PivotUnpivotData!$A$2:$A$6,2) -> Jane | B5: =SUMIFS(Unpivoted!$C$4:$C$23,Unpivoted!$A$4:$A$23,$A5,Unpivoted!$B$4:$B$23,"Q1") -> 2500 | C5: =SUMIFS(Unpivoted!$C$4:$C$23,Unpivoted!$A$4:$A$23,$A5,Unpivoted!$B$4:$B$23,"Q2") -> 2700 | D5: =SUMIFS(Unpivoted!$C$4:$C$23,Unpivoted!$A$4:$A$23,$A5,Unpivoted!$B$4:$B$23,"Q3") -> 2900 | E5: =SUMIFS(Unpivoted!$C$4:$C$23,Unpivoted!$A$4:$A$23,$A5,Unpivoted!$B$4:$B$23,"Q4") -> 3100 | F5: =SUM(B5:E5) -> 11200 | H5: Q2 | I5: =C4 -> 2300 | J5: =C5 -> 2700 | K5: =C6 -> 1900 | L5: =C7 -> 2400 | M5: =C8 -> 2500
A6: =INDEX(PivotUnpivotData!$A$2:$A$6,3) -> Alice | B6: =SUMIFS(Unpivoted!$C$4:$C$23,Unpivoted!$A$4:$A$23,$A6,Unpivoted!$B$4:$B$23,"Q1") -> 1800 | C6: =SUMIFS(Unpivoted!$C$4:$C$23,Unpivoted!$A$4:$A$23,$A6,Unpivoted!$B$4:$B$23,"Q2") -> 1900 | D6: =SUMIFS(Unpivoted!$C$4:$C$23,Unpivoted!$A$4:$A$23,$A6,Unpivoted!$B$4:$B$23,"Q3") -> 2100 | E6: =SUMIFS(Unpivoted!$C$4:$C$23,Unpivoted!$A$4:$A$23,$A6,Unpivoted!$B$4:$B$23,"Q4") -> 2300 | F6: =SUM(B6:E6) -> 8100 | H6: Q3 | I6: =D4 -> 2500 | J6: =D5 -> 2900 | K6: =D6 -> 2100 | L6: =D7 -> 2600 | M6: =D8 -> 2700
A7: =INDEX(PivotUnpivotData!$A$2:$A$6,4) -> Bob | B7: =SUMIFS(Unpivoted!$C$4:$C$23,Unpivoted!$A$4:$A$23,$A7,Unpivoted!$B$4:$B$23,"Q1") -> 2200 | C7: =SUMIFS(Unpivoted!$C$4:$C$23,Unpivoted!$A$4:$A$23,$A7,Unpivoted!$B$4:$B$23,"Q2") -> 2400 | D7: =SUMIFS(Unpivoted!$C$4:$C$23,Unpivoted!$A$4:$A$23,$A7,Unpivoted!$B$4:$B$23,"Q3") -> 2600 | E7: =SUMIFS(Unpivoted!$C$4:$C$23,Unpivoted!$A$4:$A$23,$A7,Unpivoted!$B$4:$B$23,"Q4") -> 2800 | F7: =SUM(B7:E7) -> 10000 | H7: Q4 | I7: =E4 -> 2700 | J7: =E5 -> 3100 | K7: =E6 -> 2300 | L7: =E7 -> 2800 | M7: =E8 -> 2900
A8: =INDEX(PivotUnpivotData!$A$2:$A$6,5) -> Eva | B8: =SUMIFS(Unpivoted!$C$4:$C$23,Unpivoted!$A$4:$A$23,$A8,Unpivoted!$B$4:$B$23,"Q1") -> 2100 | C8: =SUMIFS(Unpivoted!$C$4:$C$23,Unpivoted!$A$4:$A$23,$A8,Unpivoted!$B$4:$B$23,"Q2") -> 2500 | D8: =SUMIFS(Unpivoted!$C$4:$C$23,Unpivoted!$A$4:$A$23,$A8,Unpivoted!$B$4:$B$23,"Q3") -> 2700 | E8: =SUMIFS(Unpivoted!$C$4:$C$23,Unpivoted!$A$4:$A$23,$A8,Unpivoted!$B$4:$B$23,"Q4") -> 2900 | F8: =SUM(B8:E8) -> 10200
A9: Grand Total | B9: =SUM(B4:B8) -> 10600 | C9: =SUM(C4:C8) -> 11800 | D9: =SUM(D4:D8) -> 12800 | E9: =SUM(E4:E8) -> 13800 | F9: =SUM(F4:F8) -> 49000
